<application>
  <component name="libraryTable">
    <library name="@types/express" type="javaScript">
      <CLASSES />
      <SOURCES />
    </library>
    <library name="@types/jest" type="javaScript">
      <CLASSES />
      <SOURCES />
    </library>
    <library name="@types/jquery" type="javaScript">
      <CLASSES />
      <SOURCES />
    </library>
    <library name="@types/jspdf" type="javaScript">
      <CLASSES />
      <SOURCES />
    </library>
    <library name="@types/knockout" type="javaScript">
      <CLASSES />
      <SOURCES />
    </library>
    <library name="@types/websocket" type="javaScript">
      <CLASSES />
      <SOURCES />
    </library>
    <library name="all" type="javaScript">
      <properties>
        <sourceFilesUrls>
          <item url="file://$APPLICATION_CONFIG_DIR$/javascript/extLibs/http_use.fontawesome.com_releases_v5.0.9_js_all.js" />
        </sourceFilesUrls>
      </properties>
      <CLASSES>
        <root url="file://$APPLICATION_CONFIG_DIR$/javascript/extLibs/http_use.fontawesome.com_releases_v5.0.9_js_all.js" />
      </CLASSES>
      <SOURCES />
    </library>
    <library name="bootstrap" type="javaScript">
      <properties>
        <sourceFilesUrls>
          <item url="file://$APPLICATION_CONFIG_DIR$/javascript/extLibs/http_maxcdn.bootstrapcdn.com_bootstrap_4.0.0_js_bootstrap.js" />
        </sourceFilesUrls>
      </properties>
      <CLASSES>
        <root url="file://$APPLICATION_CONFIG_DIR$/javascript/extLibs/http_maxcdn.bootstrapcdn.com_bootstrap_4.0.0_js_bootstrap.js" />
      </CLASSES>
      <SOURCES />
    </library>
    <library name="jquery-3.2.1.slim" type="javaScript">
      <properties>
        <option name="frameworkName" value="jQuery" />
        <sourceFilesUrls>
          <item url="file://$APPLICATION_CONFIG_DIR$/javascript/extLibs/http_code.jquery.com_jquery-3.2.1.slim.js" />
        </sourceFilesUrls>
      </properties>
      <CLASSES>
        <root url="file://$APPLICATION_CONFIG_DIR$/javascript/extLibs/http_code.jquery.com_jquery-3.2.1.slim.js" />
      </CLASSES>
      <DOCUMENTATION>
        <root url="http://api.jquery.com" />
      </DOCUMENTATION>
      <SOURCES />
    </library>
    <library name="popper" type="javaScript">
      <properties>
        <sourceFilesUrls>
          <item url="file://$APPLICATION_CONFIG_DIR$/javascript/extLibs/http_cdnjs.cloudflare.com_ajax_libs_popper.js_1.12.9_umd_popper.js" />
        </sourceFilesUrls>
      </properties>
      <CLASSES>
        <root url="file://$APPLICATION_CONFIG_DIR$/javascript/extLibs/http_cdnjs.cloudflare.com_ajax_libs_popper.js_1.12.9_umd_popper.js" />
      </CLASSES>
      <SOURCES />
    </library>
  </component>
</application>