<application>
  <component name="RemoteServers">
    <remote-server name="Docker" type="docker">
      <configuration>
        <option name="apiUrl" value="unix:///var/run/docker.sock" />
        <option name="certificatesPath" />
      </configuration>
    </remote-server>
    <remote-server name="DockerOpDev" type="docker">
      <configuration>
        <option name="apiUrl" value="https://192.168.99.100:2376" />
        <option name="certificatesPath" value="$USER_HOME$/.docker/machine/machines/op-dev" />
        <option name="machine" value="op-dev" />
      </configuration>
    </remote-server>
  </component>
</application>