<application>
  <component name="GitRememberedInputs">
    <option name="visitedUrls">
      <list>
        <UrlAndUserName>
          <option name="url" value="git@github.com:/FUNNYDMAN/c-style.git" />
          <option name="userName" value="" />
        </UrlAndUserName>
        <UrlAndUserName>
          <option name="url" value="http://github.com" />
          <option name="userName" value="dzmitry.hedroits@altabel.com" />
        </UrlAndUserName>
      </list>
    </option>
    <option name="cloneParentDir" value="$USER_HOME$" />
  </component>
  <component name="Vcs.Log.App.Settings">
    <option name="SHOW_CHANGES_FROM_PARENTS" value="true" />
    <option name="PREFER_COMMIT_DATE" value="true" />
    <option name="COLUMN_ORDER">
      <list>
        <option value="0" />
        <option value="1" />
        <option value="2" />
        <option value="3" />
      </list>
    </option>
  </component>
  <component name="VcsApplicationSettings">
    <option name="PATCH_STORAGE_LOCATION" value="$USER_HOME$/Downloads" />
  </component>
</application>