<application>
  <component name="FileTypeManager" version="18">
    <ignoreFiles list="*$py.class;*.orig;*.pyc;*.pyo;*.rbc;*.yarb;*~;.DS_Store;.git;.hg;.svn;CVS;__pycache__;_svn;vssver.scc;vssver2.scc" />
    <extensionMap>
      <mapping pattern="put_value_in_register.asm" type="AUTO_DETECTED" />
      <mapping pattern="1" type="AUTO_DETECTED" />
      <mapping pattern="2" type="AUTO_DETECTED" />
      <mapping pattern="data.csv" type="AUTO_DETECTED" />
      <mapping pattern="notes.txt" type="AUTO_DETECTED" />
      <mapping pattern="TestDockerfile" type="Dockerfile" />
      <mapping ext="dev" type="Dockerfile" />
      <mapping ext="app" type="Dockerfile" />
      <mapping ext="odoo" type="Dockerfile" />
      <mapping ext="cron" type="Dockerfile" />
      <mapping ext="test" type="Dockerfile" />
      <mapping ext="service" type="Dockerfile" />
      <mapping ext="base" type="Dockerfile" />
      <mapping ext="kuber" type="Dockerfile" />
      <mapping ext="httpd" type="Dockerfile" />
      <mapping ext="web" type="Dockerfile" />
      <mapping ext="prod" type="Dockerfile" />
      <mapping ext="here" type="Dockerfile" />
      <mapping ext="front" type="Dockerfile" />
      <mapping pattern="transaction_delayed_in_dynamodb_table.json" type="JSON" />
      <mapping pattern=".pylintrc" type="PLAIN_TEXT" />
      <mapping pattern="dev" type="PLAIN_TEXT" />
      <mapping pattern=".gitignore " type="PLAIN_TEXT" />
      <mapping pattern=".docker.flaskenv" type="PLAIN_TEXT" />
      <mapping pattern="text" type="PLAIN_TEXT" />
      <mapping pattern="LICENSE" type="PLAIN_TEXT" />
      <mapping pattern=".coveragerc" type="PLAIN_TEXT" />
      <mapping pattern=".flakehell_baseline" type="PLAIN_TEXT" />
      <mapping pattern="mylockfile" type="PLAIN_TEXT" />
      <mapping pattern=".dockerignore" type="PLAIN_TEXT" />
      <mapping pattern="test" type="PLAIN_TEXT" />
      <mapping pattern="crontab" type="PLAIN_TEXT" />
      <mapping pattern=".gitkeep" type="PLAIN_TEXT" />
      <mapping pattern="__init__" type="PLAIN_TEXT" />
      <mapping pattern="dfds" type="PLAIN_TEXT" />
      <mapping pattern="here" type="PLAIN_TEXT" />
      <mapping pattern="some" type="PLAIN_TEXT" />
      <mapping pattern="the new file" type="PLAIN_TEXT" />
      <mapping pattern=".coverage" type="PLAIN_TEXT" />
      <mapping pattern="production" type="PLAIN_TEXT" />
      <mapping pattern="test1" type="PLAIN_TEXT" />
      <mapping pattern="Jenkinsfile" type="PLAIN_TEXT" />
      <mapping pattern="file" type="PLAIN_TEXT" />
      <mapping pattern="Vagrantfile" type="PLAIN_TEXT" />
      <mapping pattern="prod" type="PLAIN_TEXT" />
      <mapping pattern=".getkeep" type="PLAIN_TEXT" />
      <mapping pattern="test2" type="PLAIN_TEXT" />
      <mapping pattern=".flaskenv" type="PLAIN_TEXT" />
      <mapping pattern="pick.py" type="PLAIN_TEXT" />
      <mapping ext="ps" type="PLAIN_TEXT" />
      <mapping ext="example" type="PLAIN_TEXT" />
      <mapping ext="pickle" type="PLAIN_TEXT" />
      <mapping ext="exapmle" type="PLAIN_TEXT" />
      <mapping ext="sample" type="PLAIN_TEXT" />
      <mapping ext="sassc" type="PLAIN_TEXT" />
      <mapping ext="asm" type="PLAIN_TEXT" />
      <mapping ext="config" type="PLAIN_TEXT" />
      <mapping ext="jinja" type="PLAIN_TEXT" />
      <mapping ext="info" type="PLAIN_TEXT" />
      <mapping ext="sim" type="PLAIN_TEXT" />
      <mapping ext="class" type="PLAIN_TEXT" />
      <mapping ext="env" type="PLAIN_TEXT" />
      <mapping ext="hdl" type="PLAIN_TEXT" />
      <mapping ext="gz" type="PLAIN_TEXT" />
      <mapping ext="bin" type="PLAIN_TEXT" />
      <mapping ext="conf" type="PLAIN_TEXT" />
      <mapping ext="hack" type="PLAIN_TEXT" />
      <mapping ext="lock" type="PLAIN_TEXT" />
      <mapping ext="pem" type="PLAIN_TEXT" />
      <mapping ext="in" type="PLAIN_TEXT" />
      <mapping ext="circ" type="PLAIN_TEXT" />
      <mapping ext="toc" type="PLAIN_TEXT" />
      <mapping ext="cnf" type="PLAIN_TEXT" />
      <mapping ext="yml " type="PLAIN_TEXT" />
      <mapping ext="nginx" type="PLAIN_TEXT" />
      <mapping ext="scala" type="PLAIN_TEXT" />
      <mapping ext="js'" type="PLAIN_TEXT" />
      <mapping pattern="get_order_details.py" type="Python" />
      <mapping pattern="utils" type="Python" />
      <mapping pattern="models.py" type="Python" />
      <mapping pattern="exceptions.py" type="Python" />
      <mapping ext="fcgi" type="Python" />
      <mapping ext="sqlite" type="SQL" />
      <removed_mapping ext="fnc" approved="true" type="SQL" />
      <removed_mapping ext="jinja" approved="true" type="Jinja2" />
      <removed_mapping ext="pdf" approved="true" type="Native" />
      <removed_mapping ext="pkb" approved="true" type="SQL" />
      <removed_mapping ext="pks" approved="true" type="SQL" />
      <removed_mapping ext="prc" approved="true" type="SQL" />
      <removed_mapping ext="tf" approved="true" type="PLAIN_TEXT" />
      <removed_mapping ext="tpb" approved="true" type="SQL" />
      <removed_mapping ext="tps" approved="true" type="SQL" />
      <removed_mapping ext="trg" approved="true" type="SQL" />
      <removed_mapping ext="vw" approved="true" type="SQL" />
      <removed_mapping pattern=".dockerignore" approved="true" type="DockerIgnore file" />
      <mapping ext="pkg" type="DBN-PSQL" />
      <mapping ext="tpe" type="DBN-PSQL" />
      <mapping pattern="activate" type="Bash" />
      <mapping pattern="django_bash_completion.sh" type="Bash" />
    </extensionMap>
  </component>
</application>