<application>
  <component name="FindSettings">
    <option name="customScope" value="Default Changelist" />
    <option name="defaultScopeName" value="Default Changelist" />
    <option name="SEARCH_SCOPE" value="Default Changelist" />
    <mask>*.properties</mask>
    <mask>*.jsp</mask>
    <mask>*.xml</mask>
    <mask>*.java</mask>
    <mask>*.as</mask>
    <mask>*.mxml</mask>
    <mask>*.sass</mask>
    <mask>*.scss</mask>
    <mask>*models.py</mask>
    <mask>urls.py</mask>
    <mask>*.md</mask>
    <mask>*.crt</mask>
    <mask>*.conf</mask>
    <mask>*.css</mask>
    <mask>signals.py</mask>
    <mask>*.ts</mask>
    <mask>*.js</mask>
    <mask>*.html</mask>
    <mask>*.sh</mask>
    <mask>*.yml</mask>
    <mask>test_*.py</mask>
    <mask>*.yaml</mask>
    <mask>*.jinja</mask>
    <mask>*.tf</mask>
    <mask>*.hdl</mask>
    <mask>*.feature</mask>
    <mask>*.py</mask>
  </component>
</application>