<profile version="1.0">
  <option name="myName" value="Default" />
  <inspection_tool class="DjangoBrokenLineCommentInspection" enabled="true" level="INFORMATION" enabled_by_default="true" />
  <inspection_tool class="DjangoCloseTagInspection" enabled="true" level="INFORMATION" enabled_by_default="true" />
  <inspection_tool class="DjangoIncompatibleInspection" enabled="true" level="INFORMATION" enabled_by_default="true" />
  <inspection_tool class="DjangoOrmInspection" enabled="true" level="INFORMATION" enabled_by_default="true" />
  <inspection_tool class="DjangoRelationInspection" enabled="true" level="INFORMATION" enabled_by_default="true" />
  <inspection_tool class="DjangoUnresolvedFilterInspection" enabled="true" level="INFORMATION" enabled_by_default="true" />
  <inspection_tool class="DjangoUnresolvedLoadInspection" enabled="true" level="INFORMATION" enabled_by_default="true" />
  <inspection_tool class="DjangoUnresolvedStaticReferenceInspection" enabled="true" level="INFORMATION" enabled_by_default="true" />
  <inspection_tool class="DjangoUnresolvedTagInspection" enabled="true" level="INFORMATION" enabled_by_default="true" />
  <inspection_tool class="DjangoUnresolvedTemplateReferenceInspection" enabled="true" level="INFORMATION" enabled_by_default="true" />
  <inspection_tool class="DjangoUnresolvedUrlInspection" enabled="false" level="INFORMATION" enabled_by_default="false" />
  <inspection_tool class="DjangoUrlArgumentsInspection" enabled="true" level="INFORMATION" enabled_by_default="true" />
  <inspection_tool class="DuplicatedBlockNamesInspection" enabled="true" level="INFORMATION" enabled_by_default="true" />
  <inspection_tool class="EndBlockNamesInspection" enabled="true" level="INFORMATION" enabled_by_default="true" />
  <inspection_tool class="ExtendsTagPositionInspection" enabled="true" level="INFORMATION" enabled_by_default="true" />
  <inspection_tool class="PyPackageRequirementsInspection" enabled="true" level="WARNING" enabled_by_default="true">
    <option name="ignoredPackages">
      <value>
        <list size="1">
          <item index="0" class="java.lang.String" itemvalue="MarkupSafe" />
        </list>
      </value>
    </option>
  </inspection_tool>
  <inspection_tool class="PyUnresolvedReferencesInspection" enabled="true" level="WARNING" enabled_by_default="true">
    <option name="ignoredIdentifiers">
      <list>
        <option value="utils.financial_converter.BaseRepository" />
      </list>
    </option>
  </inspection_tool>
</profile>