<application>
  <component name="FileTypeManager" version="17">
    <ignoreFiles list="*$py.class;*.hprof;*.orig;*.pyc;*.pyo;*.rbc;*.yarb;*~;.DS_Store;.git;.hg;.svn;CVS;__pycache__;_svn;vssver.scc;vssver2.scc;" />
    <extensionMap>
      <mapping pattern="activate" type="Bash" />
      <mapping pattern="django_bash_completion.sh" type="Bash" />
      <mapping ext="httpd" type="Dockerfile" />
      <mapping ext="here" type="Dockerfile" />
      <mapping ext="dev" type="Dockerfile" />
      <mapping ext="cron" type="Dockerfile" />
      <mapping ext="test" type="Dockerfile" />
      <mapping ext="prod" type="Dockerfile" />
      <mapping ext="odoo" type="Dockerfile" />
      <mapping ext="j2" type="Jinja2" />
      <mapping pattern="test2" type="PLAIN_TEXT" />
      <mapping pattern=".gitkeep" type="PLAIN_TEXT" />
      <mapping pattern=".coveragerc" type="PLAIN_TEXT" />
      <mapping pattern="some" type="PLAIN_TEXT" />
      <mapping pattern="Pipfile" type="PLAIN_TEXT" />
      <mapping pattern="LICENSE" type="PLAIN_TEXT" />
      <mapping pattern="mylockfile" type="PLAIN_TEXT" />
      <mapping pattern=".getkeep" type="PLAIN_TEXT" />
      <mapping pattern=".coverage" type="PLAIN_TEXT" />
      <mapping pattern="file" type="PLAIN_TEXT" />
      <mapping pattern=".dockerignore" type="PLAIN_TEXT" />
      <mapping pattern=".flakehell_baseline" type="PLAIN_TEXT" />
      <mapping pattern=".flaskenv" type="PLAIN_TEXT" />
      <mapping pattern="here" type="PLAIN_TEXT" />
      <mapping pattern="production" type="PLAIN_TEXT" />
      <mapping pattern="Jenkinsfile" type="PLAIN_TEXT" />
      <mapping pattern="dev" type="PLAIN_TEXT" />
      <mapping pattern="the new file" type="PLAIN_TEXT" />
      <mapping pattern="test" type="PLAIN_TEXT" />
      <mapping pattern="dfds" type="PLAIN_TEXT" />
      <mapping pattern="test1" type="PLAIN_TEXT" />
      <mapping pattern="crontab" type="PLAIN_TEXT" />
      <mapping pattern=".docker.flaskenv" type="PLAIN_TEXT" />
      <mapping pattern="__init__" type="PLAIN_TEXT" />
      <mapping pattern="prod" type="PLAIN_TEXT" />
      <mapping pattern="text" type="PLAIN_TEXT" />
      <mapping pattern="Vagrantfile" type="PLAIN_TEXT" />
      <mapping ext="conf" type="PLAIN_TEXT" />
      <mapping ext="sassc" type="PLAIN_TEXT" />
      <mapping ext="cnf" type="PLAIN_TEXT" />
      <mapping ext="sample" type="PLAIN_TEXT" />
      <mapping ext="lock" type="PLAIN_TEXT" />
      <mapping ext="config" type="PLAIN_TEXT" />
      <mapping ext="example" type="PLAIN_TEXT" />
      <mapping ext="info" type="PLAIN_TEXT" />
      <mapping ext="ps" type="PLAIN_TEXT" />
      <mapping ext="bin" type="PLAIN_TEXT" />
      <mapping ext="js'" type="PLAIN_TEXT" />
      <mapping ext="toc" type="PLAIN_TEXT" />
      <mapping ext="in" type="PLAIN_TEXT" />
      <mapping ext="env" type="PLAIN_TEXT" />
      <mapping ext="nginx" type="PLAIN_TEXT" />
      <mapping ext="exapmle" type="PLAIN_TEXT" />
      <mapping ext="gz" type="PLAIN_TEXT" />
      <mapping ext="fnc" type="DBN-PSQL" />
      <mapping ext="pkb" type="DBN-PSQL" />
      <mapping ext="pkg" type="DBN-PSQL" />
      <mapping ext="pks" type="DBN-PSQL" />
      <mapping ext="prc" type="DBN-PSQL" />
      <mapping ext="tpb" type="DBN-PSQL" />
      <mapping ext="tpe" type="DBN-PSQL" />
      <mapping ext="tps" type="DBN-PSQL" />
      <mapping ext="trg" type="DBN-PSQL" />
      <mapping ext="vw" type="DBN-SQL" />
    </extensionMap>
  </component>
</application>