<application>
  <component name="FindSettings">
    <option name="customScope" value="All Places" />
    <option name="defaultScopeName" value="All Places" />
    <option name="localCaseSensitive" value="true" />
    <option name="localWholeWordsOnly" value="true" />
    <option name="LOCAL_CASE_SENSITIVE_SEARCH" value="true" />
    <option name="LOCAL_WHOLE_WORDS_ONLY" value="true" />
    <option name="SEARCH_SCOPE" value="All Places" />
    <mask>*.properties</mask>
    <mask>*.jsp</mask>
    <mask>*.xml</mask>
    <mask>*.java</mask>
    <mask>*.as</mask>
    <mask>*.mxml</mask>
    <mask>*.sass</mask>
    <mask>*.scss</mask>
    <mask>*.html</mask>
    <mask>*models.py</mask>
    <mask>urls.py</mask>
    <mask>*.md</mask>
    <mask>*.crt</mask>
    <mask>*.conf</mask>
    <mask>*.css</mask>
    <mask>signals.py</mask>
    <mask>*.js</mask>
    <mask>*.py</mask>
  </component>
</application>