<application>
  <component name="ProjectJdkTable">
    <jdk version="2">
      <name value="Python 3.6 (hris-backend)" />
      <type value="Python SDK" />
      <version value="Python 3.6.10" />
      <homePath value="$USER_HOME$/work/hris-backend/venv/bin/python" />
      <roots>
        <classPath>
          <root type="composite">
            <root url="file:///var/lib/snapd/snap/pycharm-professional/196/plugins/python/helpers" type="simple" />
            <root url="file:///usr/lib/python3.6" type="simple" />
            <root url="file:///usr/lib/python3.6/lib-dynload" type="simple" />
            <root url="file://$USER_HOME$/work/hris-backend/venv/lib/python3.6/site-packages" type="simple" />
            <root url="file://$USER_HOME$/.cache/JetBrains/PyCharm2020.1/python_stubs/-1414415137" type="simple" />
            <root url="file://$APPLICATION_HOME_DIR$/plugins/python/helpers/python-skeletons" type="simple" />
            <root url="file://$APPLICATION_HOME_DIR$/plugins/python/helpers/typeshed/stdlib/3" type="simple" />
            <root url="file://$APPLICATION_HOME_DIR$/plugins/python/helpers/typeshed/stdlib/2and3" type="simple" />
            <root url="file://$APPLICATION_HOME_DIR$/plugins/python/helpers/typeshed/third_party/3" type="simple" />
            <root url="file://$APPLICATION_HOME_DIR$/plugins/python/helpers/typeshed/third_party/2and3" type="simple" />
          </root>
        </classPath>
        <sourcePath>
          <root type="composite" />
        </sourcePath>
      </roots>
      <additional ASSOCIATED_PROJECT_PATH="$USER_HOME$/work/hris-backend" />
    </jdk>
    <jdk version="2">
      <name value="Remote Python 3.7.7 Docker Compose (web at [/home/dzmitry/work/midas.financials_data/docker-compose.yml])" />
      <type value="Python SDK" />
      <version value="Python 3.7.7" />
      <homePath value="docker-compose://[/home/dzmitry/work/midas.financials_data/docker-compose.yml]:web/python" />
      <roots>
        <classPath>
          <root type="composite">
            <root url="file://$USER_HOME$/.cache/JetBrains/PyCharm2020.1/remote_sources/1647629912/1496978" type="simple" />
            <root url="file://$USER_HOME$/.cache/JetBrains/PyCharm2020.1/remote_sources/1647629912/249573928" type="simple" />
            <root url="file://$USER_HOME$/.cache/JetBrains/PyCharm2020.1/remote_sources/1647629912/1170049292" type="simple" />
            <root url="file://$USER_HOME$/.cache/JetBrains/PyCharm2020.1/python_stubs/1647629912" type="simple" />
            <root url="file://$APPLICATION_HOME_DIR$/plugins/python/helpers/python-skeletons" type="simple" />
            <root url="file://$APPLICATION_HOME_DIR$/plugins/python/helpers/typeshed/stdlib/3.7" type="simple" />
            <root url="file://$APPLICATION_HOME_DIR$/plugins/python/helpers/typeshed/stdlib/3" type="simple" />
            <root url="file://$APPLICATION_HOME_DIR$/plugins/python/helpers/typeshed/stdlib/2and3" type="simple" />
            <root url="file://$APPLICATION_HOME_DIR$/plugins/python/helpers/typeshed/third_party/3" type="simple" />
            <root url="file://$APPLICATION_HOME_DIR$/plugins/python/helpers/typeshed/third_party/2and3" type="simple" />
          </root>
        </classPath>
        <sourcePath>
          <root type="composite" />
        </sourcePath>
      </roots>
      <additional INTERPRETER_PATH="python" HELPERS_PATH="/opt/.pycharm_helpers" INITIALIZED="false" VALID="true" RUN_AS_ROOT_VIA_SUDO="false" SKELETONS_PATH="" VERSION="" DOCKER_ACCOUNT_NAME="Docker" DOCKER_COMPOSE_SERVICE_NAME="web" DOCKER_REMOTE_PROJECT_PATH="/opt/project">
        <PathMappingSettings>
          <option name="pathMappings">
            <list>
              <mapping local-root="$USER_HOME$/.cache/JetBrains/PyCharm2020.1/remote_sources/1647629912/1496978" remote-root="/app" />
              <mapping local-root="$USER_HOME$/.cache/JetBrains/PyCharm2020.1/remote_sources/1647629912/249573928" remote-root="/usr/local/lib/python3.7" />
              <mapping local-root="$USER_HOME$/.cache/JetBrains/PyCharm2020.1/remote_sources/1647629912/1170049292" remote-root="/usr/local/lib/python3.7/site-packages" />
            </list>
          </option>
        </PathMappingSettings>
        <dockerComposeConfigurationPaths>
          <item value="$USER_HOME$/work/midas.financials_data/docker-compose.yml" />
        </dockerComposeConfigurationPaths>
        <envs />
      </additional>
    </jdk>
    <jdk version="2">
      <name value="Python 3.8" />
      <type value="Python SDK" />
      <version value="Python 3.8.2" />
      <homePath value="/usr/bin/python3.8" />
      <roots>
        <classPath>
          <root type="composite">
            <root url="file:///var/lib/snapd/snap/pycharm-professional/196/plugins/python/helpers" type="simple" />
            <root url="file:///usr/lib/python3.8" type="simple" />
            <root url="file:///usr/lib/python3.8/lib-dynload" type="simple" />
            <root url="file://$USER_HOME$/.local/lib/python3.8/site-packages" type="simple" />
            <root url="file:///usr/lib/python3.8/site-packages" type="simple" />
            <root url="file://$USER_HOME$/.cache/JetBrains/PyCharm2020.1/python_stubs/-1247971761" type="simple" />
            <root url="file://$APPLICATION_HOME_DIR$/plugins/python/helpers/python-skeletons" type="simple" />
            <root url="file://$APPLICATION_HOME_DIR$/plugins/python/helpers/typeshed/stdlib/3.7" type="simple" />
            <root url="file://$APPLICATION_HOME_DIR$/plugins/python/helpers/typeshed/stdlib/3" type="simple" />
            <root url="file://$APPLICATION_HOME_DIR$/plugins/python/helpers/typeshed/stdlib/2and3" type="simple" />
            <root url="file://$APPLICATION_HOME_DIR$/plugins/python/helpers/typeshed/third_party/3" type="simple" />
            <root url="file://$APPLICATION_HOME_DIR$/plugins/python/helpers/typeshed/third_party/2and3" type="simple" />
          </root>
        </classPath>
        <sourcePath>
          <root type="composite" />
        </sourcePath>
      </roots>
      <additional />
    </jdk>
    <jdk version="2">
      <name value="Python 3.6 (django-task)" />
      <type value="Python SDK" />
      <version value="Python 3.6.10" />
      <homePath value="$USER_HOME$/work/django-task/venv/bin/python" />
      <roots>
        <classPath>
          <root type="composite">
            <root url="file:///var/lib/snapd/snap/pycharm-professional/196/plugins/python/helpers" type="simple" />
            <root url="file:///usr/lib/python3.6" type="simple" />
            <root url="file:///usr/lib/python3.6/lib-dynload" type="simple" />
            <root url="file://$USER_HOME$/work/django-task/venv/lib/python3.6/site-packages" type="simple" />
            <root url="file://$USER_HOME$/.cache/JetBrains/PyCharm2020.1/python_stubs/1117396173" type="simple" />
            <root url="file://$APPLICATION_HOME_DIR$/plugins/python/helpers/python-skeletons" type="simple" />
            <root url="file://$APPLICATION_HOME_DIR$/plugins/python/helpers/typeshed/stdlib/3" type="simple" />
            <root url="file://$APPLICATION_HOME_DIR$/plugins/python/helpers/typeshed/stdlib/2and3" type="simple" />
            <root url="file://$APPLICATION_HOME_DIR$/plugins/python/helpers/typeshed/third_party/3" type="simple" />
            <root url="file://$APPLICATION_HOME_DIR$/plugins/python/helpers/typeshed/third_party/2and3" type="simple" />
          </root>
        </classPath>
        <sourcePath>
          <root type="composite" />
        </sourcePath>
      </roots>
      <additional ASSOCIATED_PROJECT_PATH="$USER_HOME$/work/django-task" />
    </jdk>
    <jdk version="2">
      <name value="Python 3.8 (sandbox)" />
      <type value="Python SDK" />
      <version value="Python 3.8.2" />
      <homePath value="$USER_HOME$/sandbox/venv/bin/python" />
      <roots>
        <classPath>
          <root type="composite">
            <root url="file:///var/lib/snapd/snap/pycharm-professional/196/plugins/python/helpers" type="simple" />
            <root url="file:///usr/lib/python3.8" type="simple" />
            <root url="file:///usr/lib/python3.8/lib-dynload" type="simple" />
            <root url="file://$USER_HOME$/sandbox/venv/lib/python3.8/site-packages" type="simple" />
            <root url="file://$USER_HOME$/.cache/JetBrains/PyCharm2020.1/python_stubs/979070765" type="simple" />
            <root url="file://$APPLICATION_HOME_DIR$/plugins/python/helpers/python-skeletons" type="simple" />
            <root url="file://$APPLICATION_HOME_DIR$/plugins/python/helpers/typeshed/stdlib/3.7" type="simple" />
            <root url="file://$APPLICATION_HOME_DIR$/plugins/python/helpers/typeshed/stdlib/3" type="simple" />
            <root url="file://$APPLICATION_HOME_DIR$/plugins/python/helpers/typeshed/stdlib/2and3" type="simple" />
            <root url="file://$APPLICATION_HOME_DIR$/plugins/python/helpers/typeshed/third_party/3" type="simple" />
            <root url="file://$APPLICATION_HOME_DIR$/plugins/python/helpers/typeshed/third_party/2and3" type="simple" />
          </root>
        </classPath>
        <sourcePath>
          <root type="composite" />
        </sourcePath>
      </roots>
      <additional ASSOCIATED_PROJECT_PATH="$USER_HOME$/sandbox" />
    </jdk>
    <jdk version="2">
      <name value="Remote Python 3.8.2 Docker Compose (web at [/home/dzmitry/work/saleor-platform/docker-compose.yml])" />
      <type value="Python SDK" />
      <version value="Python 3.8.2" />
      <homePath value="docker-compose://[/home/dzmitry/work/saleor-platform/docker-compose.yml]:web/python" />
      <roots>
        <classPath>
          <root type="composite">
            <root url="file://$USER_HOME$/.cache/JetBrains/PyCharm2020.1/remote_sources/-1982104691/249573929" type="simple" />
            <root url="file://$USER_HOME$/.cache/JetBrains/PyCharm2020.1/remote_sources/-1982104691/-1617366195" type="simple" />
            <root url="file://$USER_HOME$/.cache/JetBrains/PyCharm2020.1/python_stubs/-1982104691" type="simple" />
            <root url="file://$APPLICATION_HOME_DIR$/plugins/python/helpers/python-skeletons" type="simple" />
            <root url="file://$APPLICATION_HOME_DIR$/plugins/python/helpers/typeshed/stdlib/3.7" type="simple" />
            <root url="file://$APPLICATION_HOME_DIR$/plugins/python/helpers/typeshed/stdlib/3" type="simple" />
            <root url="file://$APPLICATION_HOME_DIR$/plugins/python/helpers/typeshed/stdlib/2and3" type="simple" />
            <root url="file://$APPLICATION_HOME_DIR$/plugins/python/helpers/typeshed/third_party/3" type="simple" />
            <root url="file://$APPLICATION_HOME_DIR$/plugins/python/helpers/typeshed/third_party/2and3" type="simple" />
          </root>
        </classPath>
        <sourcePath>
          <root type="composite" />
        </sourcePath>
      </roots>
      <additional INTERPRETER_PATH="python" HELPERS_PATH="/opt/.pycharm_helpers" INITIALIZED="false" VALID="true" RUN_AS_ROOT_VIA_SUDO="false" SKELETONS_PATH="" VERSION="" DOCKER_ACCOUNT_NAME="Docker" DOCKER_COMPOSE_SERVICE_NAME="web" DOCKER_REMOTE_PROJECT_PATH="/opt/project">
        <PathMappingSettings>
          <option name="pathMappings">
            <list>
              <mapping local-root="$USER_HOME$/.cache/JetBrains/PyCharm2020.1/remote_sources/-1982104691/249573929" remote-root="/usr/local/lib/python3.8" />
              <mapping local-root="$USER_HOME$/.cache/JetBrains/PyCharm2020.1/remote_sources/-1982104691/-1617366195" remote-root="/usr/local/lib/python3.8/site-packages" />
            </list>
          </option>
        </PathMappingSettings>
        <dockerComposeConfigurationPaths>
          <item value="$USER_HOME$/work/saleor-platform/docker-compose.yml" />
        </dockerComposeConfigurationPaths>
        <envs />
      </additional>
    </jdk>
    <jdk version="2">
      <name value="Python 3.8 (midas.financials_data)" />
      <type value="Python SDK" />
      <version value="Python 3.8.2" />
      <homePath value="$USER_HOME$/work/midas.financials_data/venv/bin/python" />
      <roots>
        <classPath>
          <root type="composite">
            <root url="file:///var/lib/snapd/snap/pycharm-professional/196/plugins/python/helpers" type="simple" />
            <root url="file:///usr/lib/python3.8" type="simple" />
            <root url="file:///usr/lib/python3.8/lib-dynload" type="simple" />
            <root url="file://$USER_HOME$/work/midas.financials_data/venv/lib/python3.8/site-packages" type="simple" />
            <root url="file://$USER_HOME$/.cache/JetBrains/PyCharm2020.1/python_stubs/1629486369" type="simple" />
            <root url="file://$APPLICATION_HOME_DIR$/plugins/python/helpers/python-skeletons" type="simple" />
            <root url="file://$APPLICATION_HOME_DIR$/plugins/python/helpers/typeshed/stdlib/3.7" type="simple" />
            <root url="file://$APPLICATION_HOME_DIR$/plugins/python/helpers/typeshed/stdlib/3" type="simple" />
            <root url="file://$APPLICATION_HOME_DIR$/plugins/python/helpers/typeshed/stdlib/2and3" type="simple" />
            <root url="file://$APPLICATION_HOME_DIR$/plugins/python/helpers/typeshed/third_party/3" type="simple" />
            <root url="file://$APPLICATION_HOME_DIR$/plugins/python/helpers/typeshed/third_party/2and3" type="simple" />
          </root>
        </classPath>
        <sourcePath>
          <root type="composite" />
        </sourcePath>
      </roots>
      <additional ASSOCIATED_PROJECT_PATH="$USER_HOME$/work/midas.financials_data" />
    </jdk>
    <jdk version="2">
      <name value="Pipenv (soc-app)" />
      <type value="Python SDK" />
      <version value="Python 3.6.10" />
      <homePath value="$USER_HOME$/.local/share/virtualenvs/soc-app-O69owsQZ/bin/python" />
      <roots>
        <classPath>
          <root type="composite">
            <root url="file:///var/lib/snapd/snap/pycharm-professional/196/plugins/python/helpers" type="simple" />
            <root url="file:///usr/lib/python3.6" type="simple" />
            <root url="file:///usr/lib/python3.6/lib-dynload" type="simple" />
            <root url="file://$USER_HOME$/.local/share/virtualenvs/soc-app-O69owsQZ/lib/python3.6/site-packages" type="simple" />
            <root url="file://$USER_HOME$/.cache/JetBrains/PyCharm2020.1/python_stubs/2050789510" type="simple" />
            <root url="file://$APPLICATION_HOME_DIR$/plugins/python/helpers/python-skeletons" type="simple" />
            <root url="file://$APPLICATION_HOME_DIR$/plugins/python/helpers/typeshed/stdlib/3" type="simple" />
            <root url="file://$APPLICATION_HOME_DIR$/plugins/python/helpers/typeshed/stdlib/2and3" type="simple" />
            <root url="file://$APPLICATION_HOME_DIR$/plugins/python/helpers/typeshed/third_party/3" type="simple" />
            <root url="file://$APPLICATION_HOME_DIR$/plugins/python/helpers/typeshed/third_party/2and3" type="simple" />
          </root>
        </classPath>
        <sourcePath>
          <root type="composite" />
        </sourcePath>
      </roots>
      <additional ASSOCIATED_PROJECT_PATH="$USER_HOME$/work/soc-app" IS_PIPENV="true" />
    </jdk>
    <jdk version="2">
      <name value="Pipenv (test)" />
      <type value="Python SDK" />
      <version value="Python 3.8.2" />
      <homePath value="$USER_HOME$/.local/share/virtualenvs/test-px51GjbF/bin/python" />
      <roots>
        <classPath>
          <root type="composite">
            <root url="file:///var/lib/snapd/snap/pycharm-professional/196/plugins/python/helpers" type="simple" />
            <root url="file:///usr/lib/python3.8" type="simple" />
            <root url="file:///usr/lib/python3.8/lib-dynload" type="simple" />
            <root url="file://$USER_HOME$/.local/share/virtualenvs/test-px51GjbF/lib/python3.8/site-packages" type="simple" />
            <root url="file://$USER_HOME$/.cache/JetBrains/PyCharm2020.1/python_stubs/-1590761018" type="simple" />
            <root url="file://$APPLICATION_HOME_DIR$/plugins/python/helpers/python-skeletons" type="simple" />
            <root url="file://$APPLICATION_HOME_DIR$/plugins/python/helpers/typeshed/stdlib/3.7" type="simple" />
            <root url="file://$APPLICATION_HOME_DIR$/plugins/python/helpers/typeshed/stdlib/3" type="simple" />
            <root url="file://$APPLICATION_HOME_DIR$/plugins/python/helpers/typeshed/stdlib/2and3" type="simple" />
            <root url="file://$APPLICATION_HOME_DIR$/plugins/python/helpers/typeshed/third_party/3" type="simple" />
            <root url="file://$APPLICATION_HOME_DIR$/plugins/python/helpers/typeshed/third_party/2and3" type="simple" />
          </root>
        </classPath>
        <sourcePath>
          <root type="composite" />
        </sourcePath>
      </roots>
      <additional ASSOCIATED_PROJECT_PATH="$USER_HOME$/work/test" IS_PIPENV="true" />
    </jdk>
    <jdk version="2">
      <name value="Remote Python 3.7.6 Docker Compose (backend at [/home/dzmitry/work/test/docker-compose.yml])" />
      <type value="Python SDK" />
      <version value="Python 3.7.6" />
      <homePath value="docker-compose://[/home/dzmitry/work/test/docker-compose.yml]:backend/python" />
      <roots>
        <classPath>
          <root type="composite">
            <root url="file://$USER_HOME$/.cache/JetBrains/PyCharm2020.1/remote_sources/-1809602129/249573927" type="simple" />
            <root url="file://$USER_HOME$/.cache/JetBrains/PyCharm2020.1/remote_sources/-1809602129/-337502517" type="simple" />
            <root url="file://$USER_HOME$/.cache/JetBrains/PyCharm2020.1/python_stubs/-1809602129" type="simple" />
            <root url="file://$APPLICATION_HOME_DIR$/plugins/python/helpers/python-skeletons" type="simple" />
            <root url="file://$APPLICATION_HOME_DIR$/plugins/python/helpers/typeshed/stdlib/3.7" type="simple" />
            <root url="file://$APPLICATION_HOME_DIR$/plugins/python/helpers/typeshed/stdlib/3" type="simple" />
            <root url="file://$APPLICATION_HOME_DIR$/plugins/python/helpers/typeshed/stdlib/2and3" type="simple" />
            <root url="file://$APPLICATION_HOME_DIR$/plugins/python/helpers/typeshed/third_party/3" type="simple" />
            <root url="file://$APPLICATION_HOME_DIR$/plugins/python/helpers/typeshed/third_party/2and3" type="simple" />
          </root>
        </classPath>
        <sourcePath>
          <root type="composite" />
        </sourcePath>
      </roots>
      <additional INTERPRETER_PATH="python" HELPERS_PATH="/opt/.pycharm_helpers" INITIALIZED="false" VALID="true" RUN_AS_ROOT_VIA_SUDO="false" SKELETONS_PATH="" VERSION="" DOCKER_ACCOUNT_NAME="Docker" DOCKER_COMPOSE_SERVICE_NAME="backend" DOCKER_REMOTE_PROJECT_PATH="/opt/project">
        <PathMappingSettings>
          <option name="pathMappings">
            <list>
              <mapping local-root="$USER_HOME$/.cache/JetBrains/PyCharm2020.1/remote_sources/-1809602129/249573927" remote-root="/usr/local/lib/python3.6" />
              <mapping local-root="$USER_HOME$/.cache/JetBrains/PyCharm2020.1/remote_sources/-1809602129/-337502517" remote-root="/usr/local/lib/python3.6/site-packages" />
            </list>
          </option>
        </PathMappingSettings>
        <dockerComposeConfigurationPaths>
          <item value="$USER_HOME$/work/test/docker-compose.yml" />
        </dockerComposeConfigurationPaths>
        <envs />
      </additional>
    </jdk>
    <jdk version="2">
      <name value="Remote Python 3.7.7 Docker Compose (web at [/home/dzmitry/work/midas.market_data/docker-compose.yml])" />
      <type value="Python SDK" />
      <version value="Python 3.7.7" />
      <homePath value="docker-compose://[/home/dzmitry/work/midas.market_data/docker-compose.yml]:web/python" />
      <roots>
        <classPath>
          <root type="composite">
            <root url="file://$USER_HOME$/.cache/JetBrains/PyCharm2020.1/remote_sources/474566410/1496978" type="simple" />
            <root url="file://$USER_HOME$/.cache/JetBrains/PyCharm2020.1/remote_sources/474566410/249573928" type="simple" />
            <root url="file://$USER_HOME$/.cache/JetBrains/PyCharm2020.1/remote_sources/474566410/1170049292" type="simple" />
            <root url="file://$USER_HOME$/.cache/JetBrains/PyCharm2020.1/python_stubs/474566410" type="simple" />
            <root url="file://$APPLICATION_HOME_DIR$/plugins/python/helpers/python-skeletons" type="simple" />
            <root url="file://$APPLICATION_HOME_DIR$/plugins/python/helpers/typeshed/stdlib/3.7" type="simple" />
            <root url="file://$APPLICATION_HOME_DIR$/plugins/python/helpers/typeshed/stdlib/3" type="simple" />
            <root url="file://$APPLICATION_HOME_DIR$/plugins/python/helpers/typeshed/stdlib/2and3" type="simple" />
            <root url="file://$APPLICATION_HOME_DIR$/plugins/python/helpers/typeshed/third_party/3" type="simple" />
            <root url="file://$APPLICATION_HOME_DIR$/plugins/python/helpers/typeshed/third_party/2and3" type="simple" />
          </root>
        </classPath>
        <sourcePath>
          <root type="composite" />
        </sourcePath>
      </roots>
      <additional INTERPRETER_PATH="python" HELPERS_PATH="/opt/.pycharm_helpers" INITIALIZED="false" VALID="true" RUN_AS_ROOT_VIA_SUDO="false" SKELETONS_PATH="" VERSION="" DOCKER_ACCOUNT_NAME="Docker" DOCKER_COMPOSE_SERVICE_NAME="web" DOCKER_REMOTE_PROJECT_PATH="/opt/project">
        <PathMappingSettings>
          <option name="pathMappings">
            <list>
              <mapping local-root="$USER_HOME$/.cache/JetBrains/PyCharm2020.1/remote_sources/474566410/1496978" remote-root="/app" />
              <mapping local-root="$USER_HOME$/.cache/JetBrains/PyCharm2020.1/remote_sources/474566410/249573928" remote-root="/usr/local/lib/python3.7" />
              <mapping local-root="$USER_HOME$/.cache/JetBrains/PyCharm2020.1/remote_sources/474566410/1170049292" remote-root="/usr/local/lib/python3.7/site-packages" />
            </list>
          </option>
        </PathMappingSettings>
        <dockerComposeConfigurationPaths>
          <item value="$USER_HOME$/work/midas.market_data/docker-compose.yml" />
        </dockerComposeConfigurationPaths>
        <envs />
      </additional>
    </jdk>
    <jdk version="2">
      <name value="Remote Python 3.7.7 Docker Compose (web at [/home/dzmitry/work/soc-app/docker-compose.yml])" />
      <type value="Python SDK" />
      <version value="Python 3.7.7" />
      <homePath value="docker-compose://[/home/dzmitry/work/soc-app/docker-compose.yml]:web/python" />
      <roots>
        <classPath>
          <root type="composite">
            <root url="file://$USER_HOME$/.cache/JetBrains/PyCharm2020.1/remote_sources/1806870920/46464668" type="simple" />
            <root url="file://$USER_HOME$/.cache/JetBrains/PyCharm2020.1/remote_sources/1806870920/249573928" type="simple" />
            <root url="file://$USER_HOME$/.cache/JetBrains/PyCharm2020.1/remote_sources/1806870920/1170049292" type="simple" />
            <root url="file://$USER_HOME$/.cache/JetBrains/PyCharm2020.1/python_stubs/1806870920" type="simple" />
            <root url="file://$APPLICATION_HOME_DIR$/plugins/python/helpers/python-skeletons" type="simple" />
            <root url="file://$APPLICATION_HOME_DIR$/plugins/python/helpers/typeshed/stdlib/3.7" type="simple" />
            <root url="file://$APPLICATION_HOME_DIR$/plugins/python/helpers/typeshed/stdlib/3" type="simple" />
            <root url="file://$APPLICATION_HOME_DIR$/plugins/python/helpers/typeshed/stdlib/2and3" type="simple" />
            <root url="file://$APPLICATION_HOME_DIR$/plugins/python/helpers/typeshed/third_party/3" type="simple" />
            <root url="file://$APPLICATION_HOME_DIR$/plugins/python/helpers/typeshed/third_party/2and3" type="simple" />
          </root>
        </classPath>
        <sourcePath>
          <root type="composite" />
        </sourcePath>
      </roots>
      <additional INTERPRETER_PATH="python" HELPERS_PATH="/opt/.pycharm_helpers" INITIALIZED="false" VALID="true" RUN_AS_ROOT_VIA_SUDO="false" SKELETONS_PATH="" VERSION="" DOCKER_ACCOUNT_NAME="Docker" DOCKER_COMPOSE_SERVICE_NAME="web" DOCKER_REMOTE_PROJECT_PATH="/opt/project">
        <PathMappingSettings>
          <option name="pathMappings">
            <list>
              <mapping local-root="$USER_HOME$/.cache/JetBrains/PyCharm2020.1/remote_sources/1806870920/46464668" remote-root="/code" />
              <mapping local-root="$USER_HOME$/.cache/JetBrains/PyCharm2020.1/remote_sources/1806870920/249573928" remote-root="/usr/local/lib/python3.7" />
              <mapping local-root="$USER_HOME$/.cache/JetBrains/PyCharm2020.1/remote_sources/1806870920/1170049292" remote-root="/usr/local/lib/python3.7/site-packages" />
            </list>
          </option>
        </PathMappingSettings>
        <dockerComposeConfigurationPaths>
          <item value="$USER_HOME$/work/soc-app/docker-compose.yml" />
        </dockerComposeConfigurationPaths>
        <envs />
      </additional>
    </jdk>
  </component>
</application>