<application>
  <component name="WebServers">
    <option name="servers">
      <webServer id="271983c6-c592-4188-abcc-1e1e92856b74" name="docker@192.168.99.100:22" url="http:///">
        <fileTransfer host="192.168.99.100" port="22" accessType="SFTP">
          <option name="port" value="22" />
        </fileTransfer>
      </webServer>
      <webServer id="271983c6-c592-4188-abcc-1e1e92856b74" name="docker@192.168.99.100:22" url="http:///">
        <fileTransfer host="192.168.99.100" port="22" accessType="SFTP">
          <option name="port" value="22" />
        </fileTransfer>
      </webServer>
      <webServer id="271983c6-c592-4188-abcc-1e1e92856b74" name="docker@192.168.99.100:22" url="http:///">
        <fileTransfer host="192.168.99.100" port="22" accessType="SFTP">
          <option name="port" value="22" />
        </fileTransfer>
      </webServer>
    </option>
  </component>
</application>