<application>
  <component name="FindSettings">
    <option name="customScope" value="All Places" />
    <option name="defaultScopeName" value="All Places" />
    <option name="localWholeWordsOnly" value="true" />
    <option name="LOCAL_WHOLE_WORDS_ONLY" value="true" />
    <option name="SEARCH_SCOPE" value="All Places" />
    <option name="FILE_MASK" value="*.py" />
    <mask>*.properties</mask>
    <mask>*.jsp</mask>
    <mask>*.xml</mask>
    <mask>*.as</mask>
    <mask>*.mxml</mask>
    <mask>*.sass</mask>
    <mask>*.scss</mask>
    <mask>*models.py</mask>
    <mask>urls.py</mask>
    <mask>*.crt</mask>
    <mask>*.conf</mask>
    <mask>*.css</mask>
    <mask>signals.py</mask>
    <mask>*.js</mask>
    <mask>*.html</mask>
    <mask>*.sh</mask>
    <mask>*.yml</mask>
    <mask>test_*.py</mask>
    <mask>*.yaml</mask>
    <mask>*.jinja</mask>
    <mask>*.tf</mask>
    <mask>*.hdl</mask>
    <mask>*.feature</mask>
    <mask>*.tsx</mask>
    <mask>*.ts</mask>
    <mask />
    <mask>*.java</mask>
    <mask>*.cs</mask>
    <mask>*.md</mask>
    <mask>*.py</mask>
  </component>
</application>