<application>
  <component name="CachedDictionaryState">
    <words>
      <w>.exit</w>
      <w>.exit:</w>
      <w>.increment</w>
      <w>.increment:</w>
      <w>addr</w>
      <w>aice</w>
      <w>alist</w>
      <w>cybertinica</w>
      <w>cybertonica</w>
      <w>decryptor</w>
      <w>excluder</w>
      <w>funnydman</w>
      <w>hedroits</w>
      <w>indegree</w>
      <w>initapm</w>
      <w>initapm's</w>
      <w>innowise</w>
      <w>langserv</w>
      <w>mobilepay</w>
      <w>onboarding</w>
      <w>outinc</w>
      <w>outload</w>
      <w>outpc</w>
      <w>outreset</w>
      <w>palindrom</w>
      <w>parentpos</w>
      <w>pynamo</w>
      <w>reverseauth</w>
      <w>secretmanager</w>
      <w>secretsmanage</w>
      <w>secretsmanager</w>
      <w>start:</w>
      <w>syscalls</w>
      <w>tablename</w>
      <w>tennant</w>
      <w>thirdparty</w>
      <w>trupos</w>
      <w>virt</w>
    </words>
  </component>
</application>