<application>
  <component name="Trusted.Paths">
    <option name="TRUSTED_PROJECT_PATHS">
      <map>
        <entry key="$USER_HOME$/Interviews" value="true" />
        <entry key="$USER_HOME$/sandbox" value="true" />
        <entry key="$USER_HOME$/sandbox/JobSpy" value="true" />
        <entry key="$USER_HOME$/sandbox/ai-broccoli" value="true" />
        <entry key="$USER_HOME$/sandbox/devexperts" value="true" />
        <entry key="$USER_HOME$/sandbox/exp_bedrock" value="true" />
        <entry key="$USER_HOME$/sandbox/interview_prep" value="true" />
        <entry key="$USER_HOME$/sandbox/interview_revolut" value="true" />
        <entry key="$USER_HOME$/sandbox/interview_setup" value="true" />
        <entry key="$USER_HOME$/sandbox/langchain-rag-tutorial" value="true" />
        <entry key="$USER_HOME$/sandbox/linked" value="true" />
        <entry key="$USER_HOME$/sandbox/previous-work/godel/transaction-service-paypal" value="true" />
        <entry key="$USER_HOME$/sandbox/pythonProject" value="true" />
        <entry key="$USER_HOME$/sandbox/resume" value="true" />
        <entry key="$USER_HOME$/sandbox/studyio" value="true" />
        <entry key="$USER_HOME$/sandbox/teleremont" value="true" />
        <entry key="$USER_HOME$/sandbox/test_task" value="true" />
        <entry key="$USER_HOME$/sandbox/trygo" value="true" />
        <entry key="$USER_HOME$/work" value="true" />
        <entry key="$USER_HOME$/work/ai-code-analysis" value="true" />
        <entry key="$USER_HOME$/work/ai-code-analysis/aice_server" value="true" />
        <entry key="$USER_HOME$/work/ai-language-server" value="true" />
        <entry key="$USER_HOME$/work/ai-migration-copilot" value="true" />
        <entry key="$USER_HOME$/work/ai-migration-demo" value="true" />
        <entry key="$USER_HOME$/work/ai-migration-poc" value="true" />
        <entry key="$USER_HOME$/work/ai-prompt-server" value="true" />
        <entry key="$USER_HOME$/work/angular2js" value="true" />
        <entry key="$USER_HOME$/work/app-backstage" value="true" />
        <entry key="$USER_HOME$/work/app-backstage2" value="true" />
        <entry key="$USER_HOME$/work/app-backstage3" value="true" />
        <entry key="$USER_HOME$/work/app-backstage4" value="true" />
        <entry key="$USER_HOME$/work/data" value="true" />
        <entry key="$USER_HOME$/work/nicistore" value="true" />
        <entry key="$USER_HOME$/work/nopCommerce" value="true" />
        <entry key="$USER_HOME$/work/python-language-server" value="true" />
        <entry key="$USER_HOME$/work/rga_dotnet2ja" value="true" />
        <entry key="$USER_HOME$/work/test_venv/.venv/lib/python3.12/site-packages/langserv" value="true" />
        <entry key="$USER_HOME$/work/tslsp" value="true" />
      </map>
    </option>
  </component>
</application>