<application>
  <component name="GitRememberedInputs">
    <option name="visitedUrls">
      <list>
        <UrlAndUserName>
          <option name="url" value="git@github.com:/FUNNYDMAN/c-style.git" />
          <option name="userName" value="" />
        </UrlAndUserName>
        <UrlAndUserName>
          <option name="url" value="http://github.com" />
          <option name="userName" value="dzmitry.hedroits@altabel.com" />
        </UrlAndUserName>
        <UrlAndUserName>
          <option name="url" value="http://95.217.160.83" />
          <option name="userName" value="dzmitry.hedroits" />
        </UrlAndUserName>
        <UrlAndUserName>
          <option name="url" value="http://gitlab.midas-dev.io" />
          <option name="userName" value="dzmitry.hedroits" />
        </UrlAndUserName>
        <UrlAndUserName>
          <option name="url" value="http://10.7.136.49" />
          <option name="userName" value="gedroit@kamatech.ru" />
        </UrlAndUserName>
      </list>
    </option>
    <option name="cloneParentDir" value="$USER_HOME$" />
  </component>
  <component name="Vcs.Log.App.Settings">
    <option name="COLUMN_ID_ORDER">
      <list>
        <option value="Default.Root" />
        <option value="Default.Subject" />
        <option value="Default.Author" />
        <option value="Default.Date" />
      </list>
    </option>
    <option name="CUSTOM_BOOLEAN_PROPERTIES">
      <map>
        <entry key="Change.Log.Filter.on.Branch.Selection" value="false" />
        <entry key="Navigate.Log.To.Branch.on.Branch.Selection" value="false" />
      </map>
    </option>
    <option name="PREFER_COMMIT_DATE" value="true" />
    <option name="SHOW_CHANGES_FROM_PARENTS" value="true" />
  </component>
  <component name="VcsApplicationSettings">
    <option name="PATCH_STORAGE_LOCATION" value="$USER_HOME$" />
    <option name="SHOW_EDITOR_PREVIEW_ON_DOUBLE_CLICK" value="false" />
  </component>
</application>