<application>
  <component name="WebServers">
    <option name="servers">
      <webServer id="271983c6-c592-4188-abcc-1e1e92856b74" name="docker@192.168.99.100:22" url="http:///">
        <fileTransfer accessType="SFTP" host="192.168.99.100" port="22" sshConfigId="2ff7d5c2-8acf-43d8-848e-4fc7f4887a94" sshConfig="docker@192.168.99.100:22" />
      </webServer>
      <webServer id="271983c6-c592-4188-abcc-1e1e92856b74" name="docker@192.168.99.100:22 (1)" url="http:///">
        <fileTransfer accessType="SFTP" host="192.168.99.100" port="22" sshConfigId="2ff7d5c2-8acf-43d8-848e-4fc7f4887a94" sshConfig="docker@192.168.99.100:22" />
      </webServer>
      <webServer id="271983c6-c592-4188-abcc-1e1e92856b74" name="docker@192.168.99.100:22 (2)" url="http:///">
        <fileTransfer accessType="SFTP" host="192.168.99.100" port="22" sshConfigId="2ff7d5c2-8acf-43d8-848e-4fc7f4887a94" sshConfig="docker@192.168.99.100:22" />
      </webServer>
    </option>
  </component>
</application>