<application>
  <component name="DimensionService">
    <location key="find.popup.0.0.1920.1080" x="624" y="292" />
    <size key="find.popup.0.0.1920.1080" width="672" height="516" />
    <size key="GridCell.Tab.0.left.0.0.1920.1080" width="1920" height="331" />
    <size key="GridCell.Tab.0.center.0.0.1920.1080" width="1920" height="331" />
    <size key="GridCell.Tab.0.right.0.0.1920.1080" width="1920" height="331" />
    <size key="GridCell.Tab.0.bottom.0.0.1920.1080" width="1920" height="331" />
    <size key="GridCell.Tab.1.left.0.0.1920.1080" width="1920" height="397" />
    <size key="GridCell.Tab.1.center.0.0.1920.1080" width="1920" height="397" />
    <size key="GridCell.Tab.1.right.0.0.1920.1080" width="1920" height="397" />
    <size key="GridCell.Tab.1.bottom.0.0.1920.1080" width="1920" height="397" />
    <size key="GridCell.Tab.2.left.0.0.1920.1080" width="1920" height="446" />
    <size key="GridCell.Tab.2.center.0.0.1920.1080" width="1920" height="446" />
    <size key="GridCell.Tab.2.right.0.0.1920.1080" width="1920" height="446" />
    <size key="GridCell.Tab.2.bottom.0.0.1920.1080" width="1920" height="446" />
    <size key="GridCell.Tab.3.left.0.0.1920.1080" width="1920" height="446" />
    <size key="GridCell.Tab.3.center.0.0.1920.1080" width="1920" height="446" />
    <size key="GridCell.Tab.3.right.0.0.1920.1080" width="1920" height="446" />
    <size key="GridCell.Tab.3.bottom.0.0.1920.1080" width="1920" height="446" />
    <size key="GridCell.Tab.-1.left.0.0.1920.1080" width="1920" height="397" />
    <size key="GridCell.Tab.-1.center.0.0.1920.1080" width="1920" height="397" />
    <size key="GridCell.Tab.-1.right.0.0.1920.1080" width="1920" height="397" />
    <size key="GridCell.Tab.-1.bottom.0.0.1920.1080" width="1920" height="397" />
  </component>
  <component name="WindowManager">
    <frame x="-2" y="-6" width="1924" height="1088" extendedState="6" />
  </component>
  <component name="WindowStateApplicationService">
    <state width="565" height="188" key="ShowUsagesActions.dimensionServiceKey" timestamp="1743422981388">
      <screen x="0" y="0" width="1920" height="1080" />
    </state>
    <state width="565" height="188" key="ShowUsagesActions.dimensionServiceKey/0.0.1920.1080" timestamp="1743422981388" />
  </component>
</application>