<profile version="1.0">
  <option name="myName" value="Default" />
  <inspection_tool class="DjangoBrokenLineCommentInspection" enabled="true" level="INFORMATION" enabled_by_default="true" />
  <inspection_tool class="DjangoCloseTagInspection" enabled="true" level="INFORMATION" enabled_by_default="true" />
  <inspection_tool class="DjangoIncompatibleInspection" enabled="true" level="INFORMATION" enabled_by_default="true" />
  <inspection_tool class="DjangoOrmInspection" enabled="true" level="INFORMATION" enabled_by_default="true" />
  <inspection_tool class="DjangoRelationInspection" enabled="true" level="INFORMATION" enabled_by_default="true" />
  <inspection_tool class="DjangoUnresolvedFilterInspection" enabled="true" level="INFORMATION" enabled_by_default="true" />
  <inspection_tool class="DjangoUnresolvedLoadInspection" enabled="true" level="INFORMATION" enabled_by_default="true" />
  <inspection_tool class="DjangoUnresolvedStaticReferenceInspection" enabled="true" level="INFORMATION" enabled_by_default="true" />
  <inspection_tool class="DjangoUnresolvedTagInspection" enabled="true" level="INFORMATION" enabled_by_default="true" />
  <inspection_tool class="DjangoUnresolvedTemplateReferenceInspection" enabled="true" level="INFORMATION" enabled_by_default="true" />
  <inspection_tool class="DjangoUnresolvedUrlInspection" enabled="false" level="INFORMATION" enabled_by_default="false" />
  <inspection_tool class="DjangoUrlArgumentsInspection" enabled="true" level="INFORMATION" enabled_by_default="true" />
  <inspection_tool class="DuplicatedBlockNamesInspection" enabled="true" level="INFORMATION" enabled_by_default="true" />
  <inspection_tool class="DuplicatedCode" enabled="true" level="WEAK WARNING" enabled_by_default="true">
    <Languages>
      <language minSize="47" name="Python" />
    </Languages>
  </inspection_tool>
  <inspection_tool class="EndBlockNamesInspection" enabled="true" level="INFORMATION" enabled_by_default="true" />
  <inspection_tool class="Eslint" enabled="true" level="WARNING" enabled_by_default="true" />
  <inspection_tool class="ExtendsTagPositionInspection" enabled="true" level="INFORMATION" enabled_by_default="true" />
  <inspection_tool class="HILUnresolvedReference" enabled="false" level="ERROR" enabled_by_default="false" />
  <inspection_tool class="HtmlUnknownTag" enabled="true" level="WARNING" enabled_by_default="true">
    <option name="myValues">
      <value>
        <list size="8">
          <item index="0" class="java.lang.String" itemvalue="nobr" />
          <item index="1" class="java.lang.String" itemvalue="noembed" />
          <item index="2" class="java.lang.String" itemvalue="comment" />
          <item index="3" class="java.lang.String" itemvalue="noscript" />
          <item index="4" class="java.lang.String" itemvalue="embed" />
          <item index="5" class="java.lang.String" itemvalue="script" />
          <item index="6" class="java.lang.String" itemvalue="legend" />
          <item index="7" class="java.lang.String" itemvalue="thead" />
        </list>
      </value>
    </option>
    <option name="myCustomValuesEnabled" value="true" />
  </inspection_tool>
  <inspection_tool class="HtmlUnknownTarget" enabled="false" level="WARNING" enabled_by_default="false" />
  <inspection_tool class="LatexDocumentclassNotInRoot" enabled="false" level="WARNING" enabled_by_default="false" />
  <inspection_tool class="PyArgumentEqualDefaultInspection" enabled="true" level="WEAK WARNING" enabled_by_default="true" />
  <inspection_tool class="PyAugmentAssignmentInspection" enabled="true" level="WEAK WARNING" enabled_by_default="true" />
  <inspection_tool class="PyChainedComparisonsInspection" enabled="true" level="WEAK WARNING" enabled_by_default="true">
    <option name="ignoreConstantInTheMiddle" value="true" />
  </inspection_tool>
  <inspection_tool class="PyClassicStyleClassInspection" enabled="true" level="WARNING" enabled_by_default="true" />
  <inspection_tool class="PyCompatibilityInspection" enabled="true" level="WARNING" enabled_by_default="true">
    <option name="ourVersions">
      <value>
        <list size="2">
          <item index="0" class="java.lang.String" itemvalue="3.8" />
          <item index="1" class="java.lang.String" itemvalue="3.9" />
        </list>
      </value>
    </option>
  </inspection_tool>
  <inspection_tool class="PyMissingTypeHintsInspection" enabled="true" level="WEAK WARNING" enabled_by_default="true" />
  <inspection_tool class="PyPackageRequirementsInspection" enabled="true" level="WARNING" enabled_by_default="true">
    <option name="ignoredPackages">
      <value>
        <list size="19">
          <item index="0" class="java.lang.String" itemvalue="MarkupSafe" />
          <item index="1" class="java.lang.String" itemvalue="quart" />
          <item index="2" class="java.lang.String" itemvalue="tools" />
          <item index="3" class="java.lang.String" itemvalue="tensorflow" />
          <item index="4" class="java.lang.String" itemvalue="non-existing" />
          <item index="5" class="java.lang.String" itemvalue="pytest" />
          <item index="6" class="java.lang.String" itemvalue="iniconfig" />
          <item index="7" class="java.lang.String" itemvalue="mypy" />
          <item index="8" class="java.lang.String" itemvalue="pluggy" />
          <item index="9" class="java.lang.String" itemvalue="mypy-extensions" />
          <item index="10" class="java.lang.String" itemvalue="py" />
          <item index="11" class="java.lang.String" itemvalue="tomli" />
          <item index="12" class="java.lang.String" itemvalue="packaging" />
          <item index="13" class="java.lang.String" itemvalue="pyparsing" />
          <item index="14" class="java.lang.String" itemvalue="attrs" />
          <item index="15" class="java.lang.String" itemvalue="neo4j" />
          <item index="16" class="java.lang.String" itemvalue="load_dotenv" />
          <item index="17" class="java.lang.String" itemvalue="ipykernel" />
          <item index="18" class="java.lang.String" itemvalue="pygls" />
        </list>
      </value>
    </option>
  </inspection_tool>
  <inspection_tool class="PyPep8Inspection" enabled="true" level="WEAK WARNING" enabled_by_default="true">
    <option name="ignoredErrors">
      <list>
        <option value="E501" />
      </list>
    </option>
  </inspection_tool>
  <inspection_tool class="PyPep8NamingInspection" enabled="true" level="WEAK WARNING" enabled_by_default="true">
    <option name="ignoredErrors">
      <list>
        <option value="N801" />
        <option value="N806" />
        <option value="N803" />
      </list>
    </option>
  </inspection_tool>
  <inspection_tool class="PyTypeCheckerInspection" enabled="false" level="WARNING" enabled_by_default="false" />
  <inspection_tool class="PyUnresolvedReferencesInspection" enabled="true" level="WARNING" enabled_by_default="true">
    <option name="ignoredIdentifiers">
      <list>
        <option value="utils.financial_converter.BaseRepository" />
        <option value="list.get_operation" />
      </list>
    </option>
  </inspection_tool>
  <inspection_tool class="ShellCheck" enabled="false" level="ERROR" enabled_by_default="false" />
  <inspection_tool class="TsLint" enabled="true" level="WARNING" enabled_by_default="true" />
</profile>